Main Category,Submenu Item,Menu Level,Description,Command,Context
"Live XRP Price ğŸ“ˆ",,main,"Get live XRP price updates!","/pricexrp",private
"MewFi Hub ğŸš€",,main,"ğŸ¾ Hi! I'm MewFi! All my commands work in groups - just add @MewFiBot before them (like /help@MewFiBot)!\n\nğŸ“Œ How to use me in a group?\nâœ… Use commands directly in chat (e.g., /wallets@MewFiBot)\nâœ… Click the MewFi Hub buttons to explore features\n\nğŸ”¹ Want a full Mewfied experience?\nTry chatting with me in private messages for quick-access menus and a smoother experience! ğŸ˜ºğŸš€","/start",private
"DEXs ğŸ’±",,main,"ğŸ’± Decentralized Exchanges (DEXs) â€“ Trade Without Middlemen! Meow! ğŸ¾ Want full control over your trades? \nDEXs let you swap tokens directly from your wallet with no sign-ups or third parties! \nStay secure, trade with low fees, and explore the XRPL DeFi ecosystem! ğŸš€ğŸ˜º","/dexs",private
"DEXs ğŸ’±","Sologenic DEX ğŸ’±",submenu,"ğŸ¾ Trade like a pro on Sologenic, the ultimate decentralized marketplace! Fast, secure, and built on XRPL, itâ€™s the purrfect place to swap tokens! ğŸš€ğŸ˜¼ ğŸ”— https://sologenic.org/","/dexs_sologenic",private
"DEXs ğŸ’±","Magnetic Exchange ğŸ§²",submenu,"ğŸ©âœ¨ Magnetic Exchange is the magic shop of XRPL! Trade, stake, farm, and mint NFTs all in one place! ğŸ§™â€â™‚ï¸ğŸ˜» ğŸ”— https://xmagnetic.org/?network=mainnet","/dexs_magnetic",private
"DEXs ğŸ’±","XGC-Swap ğŸš€",submenu,"ğŸ¾ Mew loves fast and efficient swaps! XGC-Swap is the ultimate decentralized exchange tool built on XRPL, making token swapping seamless, secure, and paws-itively meow-some! ğŸš€ğŸ±\n\nâœ… Instant Transactions â€“ Lightning-fast swaps on XRPL with low fees! âš¡ğŸ’¨\nâœ… User-Friendly Interface â€“ Even the newest kittens can trade with ease! ğŸ˜º\nâœ… Trustless Environment â€“ No middle-kitties, just pure decentralization! ğŸ”\nâœ… Wide Compatibility â€“ Swap between all your favorite XRPL tokens! ğŸ‰\n\nğŸ”¹ XGC-Swap is powered by XGC Labs, the innovation hub of the XRP God Candle (XGC) project! They are dedicated to advancing the XRPL with cutting-edge DeFi tools, gaming projects, and smart blockchain solutions. ğŸ› ï¸ğŸ¾\n\nğŸ”— Swap Now: https://swap.xgclabs.io/","/dexs_xgcswap",private
"DEXs ğŸ’±","First Ledger DEX ğŸ¦",submenu,"ğŸ¦ Meow! First Ledger DEX is your gateway to seamless XRPL trading! Trade, swap, and manage your tokens with full decentralization & security! ğŸ¾ğŸ’°\n\nâœ… Fast & secure trades on the XRPL âš¡\nâœ… Supports AMM & traditional DEX trading ğŸ”„\nâœ… Low fees & instant transactions ğŸš€\nâœ… Integrated with First Ledger Wallet for easy access! ğŸ”\n\nğŸ”— Trade Now: https://firstledger.net/?ref=zxhRxHNuFMtC","/dexs_firstledger",private
"DEXs ğŸ’±","Dex Screener ğŸ“¡",submenu,"ğŸ“Š Dex Screener â€“ The Ultimate XRPL Charting Tool! ğŸ¾âœ¨\nMeow says: I use Dex Screener for all my charting needsâ€”itâ€™s a Mew Approved tool! ğŸ˜ºâœ… Perfect for tracking price movements, finding hidden gems, and analyzing XRPL markets like a pro!\n\nâœ… Live market data â€“ Track tokens as they trade! ğŸ“Š\nâœ… Volume & liquidity insights â€“ Spot strong projects early! ğŸ’¦\nâœ… Token tracking â€“ Watch your fav XRPL gems! ğŸ†\nâœ… Price analysis tools â€“ Make informed trades with purrcision! ğŸ’¹\n\nğŸ”— Chart Like a Pro: https://dexscreener.com/xrpl/4d656f7752500000000000000000000000000000.rmpeuuvwf6mvcu77npuf37gukdbwr9nhhk_xrp\n\nğŸš€ Mew Approved & Trader Certified! ğŸ”¥ğŸ¾","/dexs_dexscreener",private
"DEXs ğŸ’±","DEXTools.io ğŸ”",submenu,"ğŸ” DEXTools.io is your go-to analytics hub for tracking DEX trading across multiple blockchains, now featuring XRPL support! ğŸ“Šâœ¨\nâœ… Real-time price data â€“ Stay ahead of the market! ğŸš€\nâœ… Advanced charts â€“ Analyze token trends with ease! ğŸ“ˆ\nâœ… Price alerts â€“ Never miss a pump or dip! ğŸ””\nâœ… Liquidity tracking â€“ See where the big moves happen! ğŸ’°\n\nğŸ”— Explore Now: DEXTools XRPL Pair Explorer! ğŸš€ğŸ¾ğŸ’° https://www.dextools.io/app/en/xrpl/pair-explorer/4D656F7752500000000000000000000000000000.rMPEuuvWf6MvCu77NpUF37GUkdbwr9Nhhk_XRP?t=1739243946022","/dexs_dextools",privateDEXs ğŸ’±,Coinmun ğŸŒ,submenu,"ğŸŒ Coinmun â€“ The Newest Multi-Chain DEX Listing Platform! ğŸš€ğŸ¾

Meow says: Coinmun is pouncing into the XRPL scene! Now supporting XRPL tokens, this platform is purrfect for discovering new projects, tracking market movements, and swapping tokens seamlessly! ğŸ˜ºğŸ’

âœ… Multi-chain support â€“ Explore projects across multiple blockchains! ğŸ”—
âœ… Real-time analytics â€“ Stay ahead with live token data & trends! ğŸ“Š
âœ… Secure & decentralized â€“ Trade directly from your wallet with full control! ğŸ¦

ğŸ”— Discover More: https://coinmun.com",/dexs_coinmun,private
Help â“,,main,"ğŸ“Œ MewFi Help Menu
ğŸ¾ Welcome to MewFi Bot! ğŸ˜º
Use these commands to explore XRPL & MeowRP resources!",/help,private
Help â“,ğŸ“º Tutorials,submenu,Learn how to use MewFi with step-by-step guides! ğŸš€ Click below to watch!,/tutorials,private
Main Menuâ“,,main,"ğŸ“Œ MewFi Help Menu for Groups
ğŸ¾ In groups, use /help@MewFiBot to see all commands and explore MewFiâ€™s features! ğŸ˜º
This command lists all available commands (e.g., /pricexrp, /wallets, /dexs) and triggers an inline menu below this message for clean, non-spammy interactions. ğŸš€ Keep your group purr-fectly organized! ğŸ¾",/help,group
MewFi Hub ğŸš€,,main,"ğŸ¾ Hi! I'm MewFi! All my commands work in groups - just add @MewFiBot before them (like /help@MewFiBot)!

ğŸ“Œ How to use me in a group?
âœ… Use commands directly in chat (e.g., /wallets@MewFiBot)
âœ… Click the MewFi Hub buttons to explore features

ğŸ”¹ Want a full Mewfied experience?
Try chatting with me in private messages for quick-access menus and a smoother experience! ğŸ˜ºğŸš€",/start,group
Wallets ğŸ”ğŸ¦,,main,"ğŸ¦ Decentralized Wallets â€“ Trusted by the Community & Mew Verified! Your wallet is your key to the XRPL! Choose a secure, self-custodial wallet to store, send, and trade XRP & tokens. ğŸ”ğŸ’",/wallets,private
Wallets ğŸ”ğŸ¦,Xaman Wallet ğŸ¦,submenu,"âœ¨ Meow! Xaman Wallet is your magical gateway to XRPL! ğŸª„ A self-custodial wallet that lets you manage XRPL assets with ease. Keep your treasures safe, swap tokens like a pro, and enjoy smooth transactions! ğŸ¾ğŸ’ 
ğŸ”— https://xaman.app/",/wallets_xaman,private
Wallets ğŸ”ğŸ¦,Bifrost Wallet ğŸŒ‰,submenu,"ğŸŒˆ Mew thinks Bifrost Wallet is purrfect! ğŸŒŸ A multi-currency wonder developed by Towo Labs. Not just for XRPL, but a true bridge to other blockchains! Secure, efficient, and totally pawsome! ğŸ¾ğŸ”‘ 
ğŸ”— https://bifrostwallet.com/",/wallets_bifrost,private
Wallets ğŸ”ğŸ¦,First Ledger Wallet ğŸ¦,submenu,"ğŸ¦ Meow! First Ledger Wallet is your ultimate XRPL vault! Securely manage, send, and receive XRPL tokens while accessing powerful trading tools! ps this is where we launched ğŸ¾ğŸ’° 
ğŸ”— https://firstledger.net/?ref=zxhRxHNuFMtC",/wallets_firstledger,private
Wallets ğŸ”ğŸ¦,Trust Wallet ğŸ”,submenu,"ğŸ”¹ Trust Wallet is like a treasure chest for your XRP! ğŸ† Meow approves of this easy-to-use, multi-chain wallet that keeps your assets safe and ready for adventure! ğŸš€ğŸ˜º ğŸ”— https://trustwallet.com/",/wallets_trust,private
Wallets ğŸ”ğŸ¦,Atomic Wallet ğŸ’¥,submenu,"ğŸ’¥ Atomic Wallet is where security meets flexibility! Mew loves that it supports 500+ cryptos, including XRP! Manage, swap, and stake all in one purrfect place! ğŸ¾ğŸ”¥ ğŸ”— https://atomicwallet.io/",/wallets_atomic,private
Wallets ğŸ”ğŸ¦,Ledger Vault ğŸ°,submenu,"ğŸ” Ledger is the ultimate hardware fortress for your XRP! Mew says: Keep your coins safe with this cold storage beast. No scams, no hacks, just purrfect security! ğŸ°ğŸ¾ ğŸ”— https://www.ledger.com/",/wallets_ledger,private
Wallets ğŸ”ğŸ¦,Gem Wallet ğŸ’,submenu,"ğŸ’ Mew says: Shine bright like a Gem! Gem Wallet is a purrfectly simple and ultra-secure self-custodial wallet for the XRPL! No complicated setupsâ€”just smooth, seamless, and secure transactions! ğŸš€ğŸ¾
âœ… Super Fast Setup â€“ No tech headaches, just plug & purr! ğŸ› ï¸âœ¨
âœ… Non-Custodial & Secure â€“ YOU hold the keys, YOU control your assets! ğŸ”‘ğŸ¾
âœ… Seamless XRPL Integration â€“ Send, receive, and manage XRP effortlessly! ğŸ’¸ğŸ˜¸
âœ… Light as a Feather â€“ A browser extension so smooth, you'll forget itâ€™s even there! ğŸŒ¬ï¸ğŸ’
ğŸ”— Download & Install Now: https://gemwallet.app/",/wallets_gemwallet,private
CEXsğŸ’¹,,main,Trade XRP on top global exchanges!,/cexs,private
CEXsğŸ’¹,Gemini ğŸŒ,submenu,"ğŸ¾ Mew says: Trade XRP on Gemini, the purr-fect regulated U.S. exchange with deep liquidity and security! ğŸš€ğŸ’ ğŸ”— Trade on Gemini: https://www.gemini.com/",/cex_gemini,private
CEXsğŸ’¹,Coincheck ğŸ‡¯ğŸ‡µ,submenu,"ğŸ¯ Japanâ€™s XRP trading powerhouse! Buy, sell, and stake XRP seamlessly with fiat on-ramps! ğŸ¾ğŸ‰ ğŸ”— Trade on Coincheck: https://coincheck.com/",/cex_coincheck,private
CEXsğŸ’¹,Coinbase ğŸ›ï¸,submenu,"ğŸ’¸ U.S. traders, Mewâ€™s got you covered! Coinbase makes buying XRP easy, plus you can stake and earn rewards! ğŸ¾ğŸ’° ğŸ”— Trade on Coinbase: https://www.coinbase.com/",/cex_coinbase,private
CEXsğŸ’¹,Kraken ,submenu," Deep liquidity and XRP futures! Mew-approved for margin traders who want to ride the crypto waves!   Trade on Kraken: https://www.kraken.com/",/cex_kraken,private
CEXsğŸ’¹,Binance ğŸŒ,submenu,"ğŸŒ The king of exchanges! XRP trading across 50+ fiat pairs, meow-sive liquidity, and an active global community! ğŸ¾ğŸ”¥ ğŸ”— Trade on Binance: https://www.binance.us/ ",/cex_binance,private
CEXsğŸ’¹,Bitstamp ğŸ†,submenu,"ğŸ† The OG XRP exchange! A trusted platform for institutions and long-term hodlersâ€”safe, secure, and MewFi-approved! ğŸ¾ğŸ’ ğŸ”— Trade on Bitstamp: https://www.bitstamp.net/",/cex_bitstamp,private
XRPL ToolsğŸ› ï¸,,main,"ğŸ” Your Gateway to the Best XRPL Tools!
ğŸ¾ Mew says: This is where all the best XRPL tools live! Whether you're tracking token movements, checking market trends, analyzing wallet activity, or swapping assets, these tools will help you navigate the XRPL ecosystem like a pro! ğŸ˜¸ğŸ’¡

ğŸ”¹ What will you find here?
âœ… Market analytics â€“ Track XRPL token trends & movements! ğŸ“Š
âœ… Wallet explorers â€“ Look up transactions & token holdings! ğŸ”
âœ… Trading tools â€“ Swap & manage assets securely! ğŸ’±
âœ… Safety scanners â€“ Spot rug pulls & risky tokens before you invest! ğŸ›¡ï¸

ğŸ¾ Pick a tool below to get started!",/xrpltools,private
XRPL ToolsğŸ› ï¸,XPMarket ğŸ“Š,submenu,"ğŸ“ˆ Mewâ€™s favorite marketplace for XRPL assets! Track, swap, and explore the XRPL ecosystem with XPMarket! ğŸš€ğŸ¾ ğŸ”— https://xpmarket.com/",/xrpltools_xpmarket,private
XRPL ToolsğŸ› ï¸,XRPL Labs ğŸ”¬,submenu,ğŸ”¬ The mad scientists behind XRPL innovation! XRPL Labs creates powerful tools like Xaman Wallet and PayString to keep the ledger purring! ğŸ§ªğŸ˜¼ ğŸ”— https://x.com/XRPLLabs,/xrpltools_xrpllabs,private
XRPL ToolsğŸ› ï¸,XRScan ğŸ”,submenu,"ğŸ” Curious kitty? XRScan lets you track every transaction, wallet, and token on XRPL! The ultimate explorer for blockchain sleuths! ğŸ•µï¸â€â™‚ï¸ğŸ¾ ğŸ”— https://xrpscan.com/",/xrpltools_xrscan,private
XRPL ToolsğŸ› ï¸,BuildXRP ğŸ› ï¸,submenu,"XRPL Tools, BuildXRP ğŸ”¨, ğŸ”¨ Mew says: BuildXRP is where builders and traders unite! ğŸ—ï¸ğŸ¾ A cutting-edge analytics and trading hub built for the XRPL, helping users navigate the blockchain jungle like true pros! ğŸŒğŸš€

ğŸ’¡ What does BuildXRP offer?
âœ… Real-Time Analytics â€“ Track market trends with pawsome precision! ğŸ“ˆ
âœ… Automated Trading Bots â€“ Let the XRP Trade Pulse Bot do the work! ğŸ¤–âš¡
âœ… Smart Classification Tools â€“ Classifies tokens & wallets automatically! ğŸ”
âœ… Revenue Sharing â€“ Holding $BUILDX or $BXB earns you a share of the fees! ğŸ†
ğŸŒŸ Community-Driven & Transparent â€“ BuildXRP empowers traders, fosters fair markets, and enhances XRPL adoption through education & innovation! ğŸ˜¸

ğŸ”— Explore BuildXRP: https://buildxrp.com/",/xrpltools_buildxrp,private
XRPL ToolsğŸ› ï¸,AntiSol ğŸ‘½ğŸ›¡ï¸,submenu,"âš ï¸ Mew says: No rug pulls here! AntiSol sniffs out scams by analyzing token holder distribution! and much more rev share for holders !! Stay safe, stay smart! ğŸ›¡ï¸ğŸ˜¸ ğŸ”— https://x.com/AntiSolXrpl",/xrpltools_antisol,private
XRPL ToolsğŸ› ï¸,Burn With $Merch ğŸ”¥ğŸ›ï¸,submenu,"ğŸ”¥ Burn With Merch â€“ The XRPL-Powered Merch Revolution! ğŸ›ï¸ğŸ”¥

Burn With Merch is a next-gen e-commerce platform built on XRPL, offering high-quality crypto-themed apparel and accessories. Their mission? To bridge blockchain culture with real-world fashionâ€”all while supporting decentralized commerce!

ğŸš€ Why Burn With Merch?
âœ… XRPL-Powered Payments â€“ Buy with XRP and other XRPL tokens! ğŸ’³
âœ… Global Shipping â€“ No matter where you are, rep your favorite projects! ğŸŒ
âœ… Community-Driven â€“ Exclusive collections designed by & for crypto enthusiasts! ğŸ› ï¸
âœ… Limited Drops & Unique Designs â€“ Fresh styles that make you stand out in Web3! ğŸ˜¼ğŸ”¥

ğŸ¾ MeowRP x Burn With Merch ğŸ¾
Get your paws on official MeowRP merch, available now! Show off your love for XRPLâ€™s cutest meme coin while supporting the growth of decentralized commerce!

ğŸ”— Shop Now: https://www.burnwithmerch.com/product-category/meowrp-merch",/burnwith_merch,private
Airdrop InfoğŸ,,main,"ğŸ’ Discover Free XRPL Airdrops & Rewards!
ğŸ¾ Meow loves free tokens! Airdrops are a fun way to earn free crypto rewards just by holding or interacting with certain tokens. The XRPL ecosystem is full of exciting opportunitiesâ€”so letâ€™s track them all! ğŸš€ğŸ˜¸

ğŸ”¹ What will you find here?
âœ… Real-time airdrop updates â€“ Never miss a free token! ğŸ“¢
âœ… Snapshot tracking â€“ See which tokens offer rewards! ğŸ“¸
âœ… Verified airdrop sources â€“ No scams, just legit airdrops! ğŸ›¡ï¸
âœ… Mew Approved Projects â€“ Trust only the best airdrop programs! ğŸ†

ğŸ¾ Click below to explore XRPL airdrops! ",/airdrops,private
Airdrop InfoğŸ,XRP Airdrops ğŸ,submenu,ğŸ Free tokens?! Mew loves airdrops! Follow XRP_Airdrops for the latest XRPL giveaways and rewards! ğŸ¾ğŸ’° ğŸ”— https://x.com/XRP_Airdrops,/airdrops_xrp,private
Airdrop InfoğŸ,BuildXRP Hub ğŸ—ï¸,submenu,"ğŸ› ï¸ BuildXRP is purring with innovation! Track wallet snapshots, token distributions, and all things XRPL like a true pro! ğŸ”¥ğŸ˜º ğŸ”— https://buildxrp.com/  ",/airdrops_buildxrp,private
NFTsğŸ¨,,main,"ğŸ­ Explore the World of XRPL NFTs!
ğŸ¾ Meow loves digital art! XRPL has a growing NFT ecosystem where artists, collectors, and traders unite! Whether youâ€™re looking to mint, collect, or trade NFTs, this is the place to start! ğŸš€ğŸ˜º

ğŸ”¹ What will you find here?
âœ… NFT Marketplaces â€“ Buy & sell digital collectibles! ğŸ–¼ï¸
âœ… XRPL NFT Minting â€“ Create your own NFT art! ğŸ¨
âœ… Verified Collections â€“ Discover Mew Approved NFTs! ğŸ†
âœ… NFT Analytics â€“ Track trading volume & rare gems! ğŸ“Š",/nfts,private
NFTsğŸ¨,XRP Cafe â˜•ğŸ¨,submenu,"ğŸ¨ Mewâ€™s favorite NFT marketplace! Mint, buy, and collect digital art on XRPL at the coziest cafe in Web3! â˜•ğŸ¾ ğŸ”— https://xrp.cafe/",/nfts_xrpcafe,private
Buy $MeowRP ğŸ˜¸ğŸ’°,,main,"Meow! ğŸ¾ Ready to grab some MeowRP tokens? Whether you're new to XRPL or a seasoned trader, we've got step-by-step guides and trusted exchanges to help you buy and trade safely! ğŸš€ğŸ˜º

Explore verified DEXs, fiat on-ramps, and trading platforms to get your paws on $MeowRP today!

ğŸ”— Click below to get started!",/buy_meowrp,private
Buy $MeowRP ğŸ˜¸ğŸ’°,1st time Buy Guide ğŸ“–ğŸ˜º,submenu,"ğŸ¾ MewFi's Ultimate Guide to Crypto & XRPL ğŸš€
Meow! ğŸ˜º Ready to dive into the world of XRPL and snag some MeowRP? This guide will walk you through everything step-by-stepâ€”no tech headaches, just easy purrs and smooth swaps! ğŸ¾ğŸ’

ğŸ± Step 1: Start with a Centralized Exchange (CEX)
Before we trade like pros on the XRPL, we need XRP! ğŸŒ
Pick a CEX (Centralized Exchange) that supports XRP:
âœ… Coinbase
âœ… Binance
âœ… Kraken
âœ… Uphold

ğŸ’¡ MewTip: You'll need to verify your identity and add a payment method (Debit Card, Bank Transfer, or Smart Wallet).

ğŸ± Step 2: Buy XRP Like a Pro
Now that you have a CEX account, time to get some XRP!

ğŸ’° Best ways to buy XRP:
ğŸ’³ Debit/Credit Card â€“ Fast but may have higher fees.
ğŸ¦ Bank Transfer â€“ Lower fees but takes longer.
ğŸ“² Smart Wallet (Apple Pay/Google Pay) â€“ Available on some platforms.

âœ… Now, you own XRP! Time to move it to a safer decentralized wallet! ğŸ”

ğŸ± Step 3: Move Your XRP to a Decentralized Wallet
To trade on XRPL, you need a self-custody wallet where YOU own the keys! Here are Mew's top picks:

âœ… Xaman Wallet (Previously Xumm)
âœ… Bifrost Wallet
âœ… First Ledger Wallet

ğŸ”¹ Setup Steps:
1ï¸âƒ£ Download & install the wallet of your choice.
2ï¸âƒ£ Write down and store your Secret Key / Recovery Phrase securely! ğŸ›¡ï¸
3ï¸âƒ£ Get ready to activate your wallet with XRP!

ğŸ± Step 4: Activate Your XRPL Wallet (Super Important!)
Every new XRPL wallet needs at least 10 XRP to activate.

ğŸ“Œ How to transfer XRP from your CEX to your new XRPL wallet:
1ï¸âƒ£ Copy your wallet address from Xaman, Bifrost, or First Ledger.
2ï¸âƒ£ Go to Coinbase/Binance/Kraken â†’ Withdraw XRP.
3ï¸âƒ£ Paste your wallet address and enter the amount (send at least 10 XRP).
4ï¸âƒ£ Double-check everything before confirming! âœ…
5ï¸âƒ£ Submit and wait for confirmation.

ğŸ‰ Your XRPL wallet is now active! Time to grab some MeowRP! ğŸ˜ºğŸš€

ğŸ± Step 5: Buy MeowRP on a Decentralized Exchange (DEX)!
Now for the fun part! To swap XRP for MeowRP, use an XRPL Decentralized Exchange (DEX):

âœ… Magnetic Exchange
âœ… XPMarket
âœ… First Ledger

ğŸ’¡ MewTip: Always verify MeowRP's official contract address (CA) before swapping!

ğŸ“Œ MeowRP CA (Contract Address):
rMPEuuvWf6MvCu77NpUF37GUkdbwr9Nhhk

ğŸ± Step 6: Set the MeowRP Trust Line (Must-Do!)
Before you can buy or receive MeowRP, your wallet must trust it!

ğŸ“Œ How to Set a Trust Line for MeowRP:
1ï¸âƒ£ Open Xaman, Bifrost, or First Ledger Wallet.
2ï¸âƒ£ Go to XPMarket, Magnetic, or First Ledger.
3ï¸âƒ£ Search for MeowRP and verify the address:
rMPEuuvWf6MvCu77NpUF37GUkdbwr9Nhhk
4ï¸âƒ£ Click Set Trust Line and confirm the transaction.
5ï¸âƒ£ Done! Now you're ready to buy, hold, and trade MeowRP! ğŸ˜ºğŸ”¥

ğŸ± Final Checklist âœ…
âœ… Have XRP in your Decentralized Wallet
âœ… Set the Trust Line for MeowRP
âœ… Use a Verified DEX to Buy MeowRP
âœ… Double-Check the Token Address â†’ ğŸ“Œ rMPEuuvWf6MvCu77NpUF37GUkdbwr9Nhhk

ğŸ± Join the MeowRP Community!
Stay updated with the latest news, events, and giveaways! ğŸš€ğŸ”¥

ğŸ”¹ Telegram: https://t.me/GrokMeowRP
ğŸ”¹ MeowRP on X (Twitter): https://x.com/Meow_RP
ğŸ”¹ Official Website: https://meowrp.com

ğŸ‰ Congrats! You're ready to become a MeowRP hodler! ğŸš€ğŸ¾",/buyMeowrpGuide,private
Buy $MeowRP ğŸ˜¸ğŸ’°,MeowRP on XPMarket ğŸ“ŠğŸ¾,submenu,"ğŸ“Š MeowRP on XPMarket â€“ Track live prices, explore token stats, and analyze market trends! The purrfect way to keep an eye on $MeowRP. ğŸ¾âœ¨ ğŸ”— https://xpmarket.com/token/MeowRP-rMPEuuvWf6MvCu77NpUF37GUkdbwr9Nhhk",/meowrp_xpmarket,private
Buy $MeowRP ğŸ˜¸ğŸ’°,MeowRP on FirstLedger ğŸ¦ğŸ¾,submenu,ğŸ’¡ First Ledger x MeowRP â€“ Trade securely and access deep analytics on First Ledger! Pawsome tools for Meow hodlers. ğŸ¦ğŸ¾ ğŸ”— https://firstledger.net/token/rMPEuuvWf6MvCu77NpUF37GUkdbwr9Nhhk/4D656F7752500000000000000000000000000000,/meowrp_firstledger,private
Buy $MeowRP ğŸ˜¸ğŸ’°,MeowRP on Magnetic ğŸ§²ğŸ¾,submenu,ğŸŒŸ Magnetic Exchange x MeowRP â€“ Swap your $MeowRP effortlessly with ultra-low fees and lightning-fast transactions! ğŸš€ğŸ˜» ğŸ”— https://xmagnetic.org/tokens/MeowRP+rMPEuuvWf6MvCu77NpUF37GUkdbwr9Nhhk?network=mainnet,/meowrp_magnetic,private
Buy $MeowRP ğŸ˜¸ğŸ’°,Buy MeowRP C14 ğŸ’³ğŸ¾,submenu,"ğŸ’³ C14.money â€“ Buy $MeowRP Instantly!ğŸš€ Mewâ€™s favorite fiat-to-crypto on-ramp! Purrchase MeowRP using your credit/debit card, bank transfer, or local payment methods! ğŸ¦ğŸ¾
ğŸŒ Supported Payment Methods:
ğŸ’° Credit/Debit Cards â€“ Fast & secure!
ğŸ¦ Bank Transfer (EU, UK, US ACH) â€“ Smooth & easy!
âš¡ï¸ PIX & SPEI (Brazil & Mexico) â€“ Instant & seamless!
ğŸŒ Global Access: Buy $MeowRP from 50+ countries, including ğŸ‡ºğŸ‡¸ USA, ğŸ‡§ğŸ‡· Brazil, ğŸ‡ªğŸ‡º EU nations, ğŸ‡¯ğŸ‡µ Japan, ğŸ‡¦ğŸ‡º Australia, ğŸ‡¸ğŸ‡¬ Singapore, ğŸ‡°ğŸ‡· South Korea & more! ğŸŒğŸ˜¸
ğŸ’ Why C14?
âœ… Lowest fees on the market
âœ… Secure transactions â€“ No stored card details!
âœ… Fast & easy onboarding â€“ No headaches, just MEOWS! ğŸ¾ğŸ˜» https://pay.c14.money/?clientId=171a766e-512c-42bd-aed6-0d932741a5d8",/buy_meowrp_c14,private
AntiRug Scan ğŸ‘½ğŸ›¡ï¸ ,,main,"ğŸ¾ Meet @AntiSols_bot â€“ Your XRPL Safety Net! ğŸš¨
Meow! ğŸ˜º Before diving into any new token, make sure it isn't a rug pull waiting to happen! That's where @AntiSols_bot comes in! ğŸ›¡ï¸âœ¨
ğŸ” What does @AntiSols_bot do?
âœ… Scans XRPL tokens for potential rug pulls, warning signs, and risk factors.
âœ… Analyzes contract addresses (CA) to detect holder distribution, liquidity risks, and suspicious activity!
âœ… Helps traders make safer decisions before aping into new projects! ğŸš€
ğŸ’¡ How to Use @AntiSols_bot?
1ï¸âƒ£ Click ğŸ‘‰ @AntiSols_bot
2ï¸âƒ£ Send the contract address (CA) of any XRPL token you want to check.
3ï¸âƒ£ Get an instant risk analysis report â€“ no more guessing, just facts! ğŸ§
ğŸ”¥ Pro Tip: Always check a token's AntiSol report before buying or setting a trust line. Stay ahead of scams & trade with confidence! ğŸ†ğŸ¾
ğŸš¨ MewFi says: Smart traders use AntiSol â€“ don't get rugged, get informed! ğŸ˜ºğŸ”",/antirug_scan,private
Merch Store ğŸ˜ºğŸ›ï¸ğŸ›’,,main,"ğŸ¾ Mew says: The wait is over! Our exclusive MeowRP Merch Store is LIVE! ğŸ‰ Rock your love for XRPL with pawsome designs, all available for global shipping and purchasable with XRP! ğŸŒğŸ’¸ Get ready to burn in style and rep the MeowRP community like a true crypto cat! ğŸ˜¼ğŸ”¥

ğŸ”— Shop Now: https://www.burnwithmerch.com/product-category/meowrp-merch/",/merch,private
Terminology ğŸ“–,,main,"Your XRPL Dictionary! ğŸ¾âœ¨

New to crypto? Confused by all the jargon? Mewâ€™s got you covered! ğŸ˜ºğŸ’¡

Explore key blockchain & XRPL terms in a fun & simple way! From DeFi & AMM Pools to Smart Contracts & Rug Pulls, Mew helps you trade & explore with confidence! ğŸš€

ğŸ”¹ Click below to learn more! ğŸ“ğŸ¾",/terminology,private
Terminology ğŸ“–,BlackHole Address ğŸ•³ï¸,submenu,ğŸ•³ï¸ BlackHoling an account means permanently disabling its ability to send transactions. Any tokens in a blackholed wallet are gone foreverâ€”just like a burn! ğŸ”¥ This ensures no one can ever access or recover the funds. ğŸ•³ï¸ğŸ˜¸,/term_blackhole,private
Terminology ğŸ“–,Token Burning ğŸ”¥,submenu,"ğŸ”¥ Burning tokens means sending them to a blackholed address or an inaccessible wallet. This removes them from circulation permanently, reducing supply and potentially increasing scarcity. ğŸš€ ",/term_burn,private
Terminology ğŸ“–,AMM Pool ğŸ’§,submenu,âš¡ Automated Market Maker (AMM) Pools allow users to provide liquidity and earn fees by letting others trade against their funds! A great way to boost early liquidity for new tokens! ğŸ¦ğŸ’§,/term_amm_pool,private
Terminology ğŸ“–,New Projects Essentials ğŸš€,submenu,"ğŸš€ For new projects, burning tokens & using AMM pools can help establish trust & liquidity. ğŸ”¥ Burning team-held tokens shows commitment, while AMM pools ensure active trading & fair price discovery! ğŸ’° ",/term_project_growth,private
Terminology ğŸ“–,DeFi 101 ğŸ¦ğŸ’°,submenu,"ğŸ¦¾ DeFi is the future of financeâ€”no banks, no middlemen, just you and the blockchain! It allows users to lend, borrow, trade, and earn interest on crypto assets without traditional finance.",/term_defi,private
Terminology ğŸ“–,Staking Rewards ğŸ’,submenu,âœ… Staking lets you lock up tokens to earn passive rewards! A way to support networks and earn extra crypto while holding your assets.,/term_staking,private
Terminology ğŸ“–,Yield Farming ğŸŒ¾,submenu,"ğŸŒ± Yield farming lets users provide liquidity to DeFi pools and earn rewards in return! Higher risk, higher potential rewards!",/term_yield_farming,private
Terminology ğŸ“–,Lending/Borrowing ğŸ’¸,submenu,ğŸ¦ Crypto lending lets users borrow against their holdings or lend assets to earn interest! DeFi makes finance borderless and permissionless!,/term_lending,private
Terminology ğŸ“–,Decentralized Exchange (DEXs) ğŸ’±,submenu,"ğŸ’± Decentralized Exchange (DEXs) Trade directly from your wallet with complete control over your assets! No sign-ups, no middlemenâ€”just blockchain-powered trading!",/term_dex,private
Terminology ğŸ“–,Centralized exchanges (CEXs) ğŸ›ï¸,submenu,"ğŸ¦ Centralized exchanges (CEXs) require sign-ups and hold your funds, offering more convenience but less control. Examples: Binance, Coinbase, Kraken.",/term_cex,private
Terminology ğŸ“–,Liquidity & Pools ğŸ’¦,submenu,ğŸ’§ Liquidity keeps DEXs running smoothly! Liquidity pools (LPs) let users deposit token pairs to enable trading and earn a share of the fees!,/term_liquidity,private
Terminology ğŸ“–,Slippage & Price Impact âš ï¸,submenu,âš ï¸ Slippage happens when a trade executes at a different price than expected! Higher liquidity = lower slippage. Always check slippage settings before trading!,/term_slippage,private
Terminology ğŸ“–,Stablecoins ğŸ¦ğŸ’µ,submenu,"ğŸ¦ Stablecoins are cryptocurrencies pegged to stable assets like USD or gold. They reduce volatility and are widely used in DeFi. Examples: USDT, USDC.",/term_stablecoins,private
Terminology ğŸ“–,Impermanent Loss ğŸ˜¿,submenu,"ğŸ˜¿ A risk of liquidity farming! Happens when token prices change after you provide liquidity, reducing potential profits. Always DYOR before providing liquidity!",/term_impermanent_loss,private
Terminology ğŸ“–,Market Cap & FDV ğŸ“Š,submenu,"ğŸ“Š Market Cap = Price * Circulating Supply. FDV = Price * Total Supply. Helps gauge project value, but watch out for high FDV with low circulating supply!",/term_marketcap,private
Terminology ğŸ“–,Rug Pull Alert ğŸš¨,submenu,ğŸš¨ A scam where developers drain liquidity or dump tokens after hyping a project! MewFi checks for rug pulls with /antirug_scanâ€”stay safe!,/term_rugpull,private
Terminology ğŸ“–,Smart Contracts ğŸ¤–ğŸ“œ,submenu,"ğŸ¤– Self-executing blockchain programs that automate transactions without middlemen. Used in DEXs, DeFi, NFTs, airdrops, staking, and more!",/term_smartcontracts,private
XRPL Influencers ğŸ“¢,,main,"Meow! ğŸ¾ Want to stay ahead in the XRPL space? Follow these influential voices who provide market insights, project updates, and expert analysis! ğŸ“¢ğŸ¯

These traders, developers, and analysts are shaping the future of XRPLâ€” from breaking news to deep-dive research, follow them to stay informed and trade smarter! ğŸš€ğŸ˜º",/influencers,private
XRPL Influencers ğŸ“¢,Wietse Wind ğŸŒ,submenu,"ğŸŒ Wietse Wind â€“ Co-founder of XRPL Labs, a true pioneer of the XRPL ecosystem! Always pushing innovation, building tools, and keeping the ledger purring with new ideas. Follow him for top-tier XRPL insights! ğŸ§ªğŸ¾ ğŸ”— https://twitter.com/WietseWind",/xrpl_wietsewind,private
XRPL Influencers ğŸ“¢,JoelKatz ğŸ§ ,submenu,"ğŸ› David Schwartz (JoelKatz) â€“ Rippleâ€™s legendary CTO & XRPL architect! The OG blockchain wizard, always dropping deep insights, tech knowledge, and big-picture visions for the future of XRPL. ğŸ§  ğŸ”— https://twitter.com/JoelKatz ",/xrpl_joelkatz,private
XRPL Influencers ğŸ“¢,MackAttackXRP ğŸ¯,submenu,"ğŸ“° Mack Attack XRP â€“ Need the latest XRP news & market analysis? Mackâ€™s your go-to source! Daily updates, expert takes, and insights that keep you ahead of the XRPL game! ğŸš€ ğŸ”— https://twitter.com/MackAttackXRP ",/xrpl_mackattack,private
XRPL Influencers ğŸ“¢,XRP Crypto Wolf ğŸº,submenu,"ğŸº XRP Crypto Wolf â€“ A market guru with razor-sharp instincts! He delivers real-time market updates, technical analysis, and breaking XRP newsâ€”so you never miss a moonshot. ğŸ“ˆ ğŸ”— https://twitter.com/XRPcryptowolf",/xrpl_cryptowolf,private
XRPL Influencers ğŸ“¢,XRP Community ğŸ“¢,submenu,"ğŸŒ XRP Community â€“ The heartbeat of the XRPL ecosystem! Stay connected with news, discussions, and educational content from across the XRP space. This account amplifies everything important! ğŸ”¥ ğŸ”— https://twitter.com/XRP_Community",/xrpl_community,private
XRPL Influencers ğŸ“¢,Xoge ğŸ†,submenu,"ğŸ• Xoge â€“ Meme lord? Yes. Market genius? Also yes. A key player in the XRP space, Xoge is known for in-depth market analysis & project insights. Plus, he co-hosts Trench-Warfare Nightly at 8pm PST/10C/11Eâ€”donâ€™t miss it! ğŸ™ï¸ğŸ¾ ğŸ”— https://x.com/ClassyXoge",/xrpl_xoge,private
XRPL Influencers ğŸ“¢,BunnyBoyTime ğŸ°,submenu,"ğŸ° BunnyBoyTime â€“ If you love Elliott Wave Theory & technical analysis, this is your guy! He deciphers XRP & XRPL token trends like a pro, helping traders navigate the chaos. ğŸ“Š ğŸ”— https://twitter.com/BunnyBoyTime",/xrpl_bunnyboy,private
XRPL Influencers ğŸ“¢,FLOXON ğŸš€,submenu,"ğŸ— FLOXON â€“ Deep dives, big brain takes, and fresh perspectives on XRP market trends. A must-follow if you want to stay ahead of the curve! ğŸ”¥ ğŸ”— https://twitter.com/FLOXON_",/xrpl_floxon,private
XRPL Influencers ğŸ“¢,Vet_X0 ğŸ’¡,submenu,"ğŸ” Vet_X0 â€“ An XRPL enthusiast and First Ledger advocate, always sharing insights on meme coins, new projects, and XRPL adoption. Big on community building and making XRP fun! ğŸ† ğŸ”— https://twitter.com/Vet_X0",/xrpl_vetx,private
XRPL Influencers ğŸ“¢,EchoDaTruth ğŸ“£,submenu,"ğŸ§  EchoDaTruth â€“ If youâ€™re new to XRPL, Echoâ€™s got your back! He shares educational content, project deep dives, and curated XRPL lists to help you navigate the space. ğŸš€ ğŸ”— https://twitter.com/echodatruth",/xrpl_echodatruth,private
XRPL Influencers ğŸ“¢,Buuvva ğŸ¾ğŸ˜¸,submenu,ğŸ­ Buuvva â€“ Memes + Market Insights = A perfect mix of fun & education! Buuvva keeps things light but still delivers valuable community takes and XRP discussions. ğŸ˜†ğŸ¾ ğŸ”— https://twitter.com/buuvva_,/xrpl_buuvva,private
XRPL Influencers ğŸ“¢,CKJ Crypto News ğŸ“°,submenu,"ğŸ¾ Stay ahead of the XRP game with CKJ Crypto News! Daily insights, market trends & breaking XRP updates! ğŸ”—https://x.com/CKJCryptonews ",/xrpl_ckj,private
XRPL Influencers ğŸ“¢,MemeXRPL ğŸ˜‚ğŸ“ˆ,submenu,"ğŸ˜‚ MemeXRPL â€“ Sometimes, the best way to explain XRP is through memes! MemeXRPL brings the humor and keeps the community entertained while staying informative. ğŸ¾ğŸ‰ ğŸ”— https://twitter.com/memeXRPL",/xrpl_memexrpl,private
XRPL Influencers ğŸ“¢,xrpl_adam,submenu,"ğŸ¾ Adam's the ultimate builder in the XRPL universe! Founder of the cozy XRP Cafe â˜•, the trading wizardry at First Ledger ğŸ“ˆ, and the sweet blockchain services at HoneyclusterX ğŸ¯. Not to forget, he's co-founded the adventurous Ape Rowboat Club ğŸ’ğŸš£â€â™‚ï¸! An open-source contributor, Adam's paw prints are all over XRPL, making it a playground for the curious and the brave. Follow him for some purr-fectly crafted insights and to be part of his disruptive journey! ğŸ”— https://x.com/xrpl_adam",/xrpl_adam,private
XRPL Influencers ğŸ“¢,Brad Garlinghouse ğŸ›ï¸,submenu,"ğŸ¦ Mew says: The king of Ripple himself! Brad Garlinghouse, CEO of Ripple, leads the charge in global blockchain finance! He spills the tea on XRP adoption, Rippleâ€™s legal battles, and the future of payments! Follow him to stay ahead of the XRP game! ğŸ¾ğŸ”¥ ğŸ”— Follow Brad https://x.com/bgarlinghouse",/xrpl_brad,private
XRPL Influencers ğŸ“¢,Ripple ğŸŒ,submenu,"ğŸŒŠ The official Ripple account! Get the latest on RippleNet, On-Demand Liquidity (ODL), XRP adoption, and big-money partnerships. If it's game-changing news for Ripple, you'll see it here first! ğŸ¦ğŸ’° ğŸ”— Follow Ripple https://x.com/Ripple",/xrpl_ripple,private
XRPL Influencers ğŸ“¢,Mr. AQUAMAN33 ğŸŒŠ,submenu,"ğŸŒŠ The DeFi King of XRPL! Mr. AQUAMAN33 dives deep into all things DeFiâ€”staking, yield farming, and new XRPL protocols! Always making waves with fresh insights and hidden gems. Follow him for the latest DeFi alpha! ğŸ†ğŸ¾ ğŸ”— Follow Mr. AQUAMAN33 https://x.com/MrAQUAMAN33",/xrpl_aquaman,private
XRPL Influencers ğŸ“¢,Cyphres ğŸ”,submenu,"ğŸ§  Deep research & top-tier insights! Cyphres is a DeFi strategist, researcher, and educator in the XRPL space. If you're looking for in-depth project breakdowns, cutting-edge analysis, and the latest DeFi trends, heâ€™s the one to follow! ğŸ¦ğŸš€ ğŸ”— Follow Cyphres https://x.com/CDemanincor",/xrpl_cyphres,private
